Message,c,n,e
1,68523187961361253472084859425270856410311904949095157504468703619734005389412415720488383516066105024985116060414878437303107905038859989641982720085745175290376685791803380085772125749398967585315336129920871120597303662668138645119999955980448277930215512824862064185506897809679496358648138590082484220568,94655097610975122511329109970565485962733761592407801421935017571587084232907233349050296888671765759565964752769740456105782363474745354468319431423490946519085507136739691055503756897979020517762903722432934105938290889640061092643326430401167156726763599434428276993965085311259542012326648613328885530673,17
2,92559277433339781036452747349528901780128687924177651266459432582980525503337666125182822422448060353873814509285427877289650462615080198610839153992102808107069987810283581609209061485659061387287239142961509064674960446744202469893132154586350723706188823574990195234499167473510448979235704525345490833626,109444885797426721180319775125802146160723386864783436358253571385535561640570853857193209965123072675929882375883767940551808966468103179854176396923215358212834667458567660391867473643673919483971824988945257933807430480180439320780210355587547160680084696751671282409056703246065282306321612351596660568543,17
3,133420756451421026192670261642352529732556583352078161064372682776530421889096898034459820983751532842839305835563766265530882063528165196034063246664834772508991215632050842898824943906499025725171157141545523295616106649710062678495648848717246213070257306655601772273389778893320177704593210841401603107285,133857544722259224704104299690226562841241535642743020625463905836643527305508862501039597661572771230851894156802545885952457255030645877203710244460485979713602360448785305905765252644873888914280590846899434107106592639781515851615771638678676016569139849286918886675928789385962468301524221473721344427377,17
4,14765034129993399416372956759502737057816089589490389537049747435360281960752167640365991029915264868264600968278385107943625301510687596579285254890210709747970926792942224136685431245023491757702661070286982042148457762056030176345313649949277998937616222156403576133849443256907235204659802680124903903424,57643417365789566375035200816117622569942696878736573135952438025905464331744318640229873554659308249560517134008319305576877297787366157524367398969296752274048637615825701464417315713571696509482279685832745094942743656325009544855224846417792956368881230731002999717716743857289955729253646703889555267549,17
5,9612500922970733562238321869534314940603725319253355338086837874420219984271667618735364300871053493687723864434179709736281902621169622187704101690335578054664090857390365740771407109789481534209393394175970362798048529522032153803612048309569419803965409727566158290615130798699272292076554728379936970632,90355099666971270276038771138606400452406574492663775306139796588128242059999733222898846013560003051114392065148422528316159821761701395870841500273161937857570392437318236231610628014855519872638273027111681075152810015812578424071816588168670668464365520680523575839182209778572821313231228582520494061817,17
6,13105617722044807636559072047288685418858202218006010355100145640872694475443747936659891853050290882484672630345364349678399026088927726818003933885326300042728837054881421888931925739755310883463898051171980233248744221792310178687904319891467042892481683793489535442886115084019568645132767392508415545204,86540798871445657802832119832780292661997880554737523483772780265179896656127405406146687796325085956092488354978887002318686369623438451030081764937328389853377261827159856856613028635266418294051562970154249783309926360110999078370975811913482877115123384316540667260338267019747722345015492476166548848959,17
7,41130103915024098972790905797135287360554635835254905406995097180933708587867292696575875738359457794329609017299969063586845853225050547729477616804566463838765993881100009649028087300661987109255730993287727494736392255609663668370757784458178729525166431184803826936303892850547810542075764277426773631183,89301725342983533106190259748350712760003829865354244102106593554130929324727299868689394528700665568132310029727001556613424653016283568162198773767779295471113129838328917146394431396889265853701368277326251746306879375465208784721573913327587953347015796379778192993974706245353036339081691208279070442673,17
8,63340629410443262383642561954608241521563602091221239309954125750215412570159252183575303642357447408271603451464118352674089865031168663522788373209641041866381211732553592676612149983859433809952074517852584113817706163521276640632139886886934306040554286997833424702960899854251716172344470200868763249243,112374631110940504303883288842309144921044047300029511331484763921174918708354175715080041892842435506347623753777334066146319925280439746083161420420946007543599580593763821457218858262801855276713939579731292225940288532886803517971088044541903393712629061220847380784092088542268895719488320889948448053211,17
9,22831152793987679250082444966994164491695802228584594038990161503113521881037268717484808989747865669300226198932050666606594040978929230121316565846881281644655871669214772388971211936644909509828149267042757820048046441179693601814140199401761802929837407900975252394388258049692006323289321829091441658480,112411924769993851647876694325788882885906760773034743105707109913257687881097696902900457606668495166772763417246342756239540727822618182378714578080254277538704843326624457803615842024322881392335295826444321998131879403669983829778419845743423771569874530279590500706349283517409850087093192299767062166411,17
10,36579451695590777224840880054685905496081476817302048998161861662276538952218708218525854078368158163565149696988424393040851299484622647319846842462360480235465281721588175346161940328139328733601687227162327437352094964924142968279976847040493659159075758608654914497620629180505680952055955019780075644047,146842319086443537553563351305809514802986131358823670153702839421518268714629952187756942045633151173525667599568799129595537025214995633487559277828785681186421549740345432131481414506070774247157350962858973328190232861403470814740811307538004974711106692189189351309002077728786648294603960147866460085483,17
11,66242775184665167818130287407304131896105684839028168943941249640282662176654832434389041725227524198575229879613742487381198848547912794129351616740847791230155424050888334239126973864220280605733608251869556775128576774243972941501410194549138881424791750625858358597815923524138762272228978330932047511085,99596374644558820382453862217693593366991423568824618917704914898269007526485072270800942646150131575906340197002670241045843715395168489714809306178515513249529884659138738319272203452292069368988858330570501564598484938970270349603807572966385589729799739014666615663901412832636598909133153895168835770353,17
12,58028543329457215495415424699649580381768850082379311871942171321085349823055204234924509151810732300423969577990425611165967543440182744261839535057654442316358331726197317247286834609265133784467926194607696458601240773477847510948592625808817330296490219838781660397824599225346438956382668361691527836911,94221895902323618132369755399971419395572125150698820568621215236932552666799900148472200017550148480100037735246888202824195579876530590210350582725055818092707093656523418752951031767774456038359650379243150802858561123575065109399048923171021666991905846247226990900773593975803278299130154220991498785959,17
13,64872169975890316068107036242901460837384489861647668282297546350803900943608664466254076882100797761152642442225912036234026849369512233334824515530232395850979992255553691894440686916756879510187342263597080192399403250942381960867870743792408984411487597487898543811696533451210072818356239127434761743834,78024244196513490660878946248943768316902596230308805381610137215847953543321916358099878520982353083780154315614388617060109165633696044949904432969662896422205092744120739301284048410699210809394653362936597098162129906698990000693807237514778982752579930556265541225374129978322905804180587536690607075291,17
14,42148099388710619694354851315687474569293394766708427900987594874982593581380560044072207875866820435534697125410013529601902292896991509669616819843921022547686461614679758122648932334278500715577960390164602762298279535632865319344776010371471544296949635038054602154498506072454149124004156129697084916333,68355171004699547176817204592051245051660400912369231152638207991282093872250618027986598794305366381318107343204435374783331151783285127844524682578755352015834572969091897902536621146650551763129505440403120546694022925655225198601990113604286763082175277186114170867698124037292953817787474132176532235371,17
15,50062167103134740957527556685547048813818340183261255497860456453627620994215839376440364851632681670319228690422649708154472528188277904303706646362370312018816012338283209297831454141578017591876941085456665229528037450690149880498660253084821919378436615713024097777841416352325429527888294899131931165162,81916709845088684733330277543925376260903217945049725641960549825940685978895943373370431285546310187271263668283975543112972964533678687740465925340488382681867374124510266758735625138694411614622745787878494916484337650673490464490563912252486308927537796041057805904498855922168113495947055048349521514277,17
16,79083922853860562830020599708431019212872305735050006254031256496313567244165233903011266243768481428125722985094096683275312638036921764035681765363853325232071102621106202743381501769974570828873205024964124192211497135996604867564914662468292271355207652095799147219935214536096666493138740888343402704188,160275087784745480552156515901759515321806017539340702598953524604933111629347768745831976128618254574286182278877583731996730108337970095820539213492590095614294612328790853382649597110326799721191241622931367253477549249667063433885920923672170768528102557973575825416365248060952439848835249874100339342971,17
17,69415988981698053531373798566065854738170423213004055532713837078407076084269913983132947727144451315952161914033221298683500888303981109534957968414547307609197523728513623436222398872110560793565634612316049411021374209509304810636647387383054512385026884117212809081661371366138956575328121671279862920145,78080221026031939613098856945971770609112222056390358438009820884888021007311523072696555843546415861935316369427425301916270158159126323273304296065616546549497217665576438579640257649830730195127230738442211865122167031105361908408113068593165123246224085198531486654137799832794014164259289277632177356181,17
18,150404977776223185498103537080262548588996599999599617890154102710425230524315051293282980636103876734079077402796419456590617869773996484700414288182384760817031544305616900206429976769799382522030188144102196439414502449913490507716133039469753449354984047575666981638874376079593340665768304959157545051264,158999191987982287109590878505210453782503299719752470417737266603253646673732989853600353665119218886678019644554198966359078539955246852216769325104636776632041264392247390494046532450096155578880495206490184925631494933776461796725327591424352392011223506131028808587261573647170929956979889041883431644629,17
19,101771807849889113753115271296896988926629956502384858603647367073684368883118949537622433830661797505753866540773274371996271069280075526879549150256258517737902359944395826807481182538131203535338980554038496655942453166857441246635520448486027988146734311908456086411898226631102596478415401618512434079519,109358637848191187643111715009378146629995842015366343918041206312546911423235351118160388504032717041875292937651727716655565163844044327647166561336609049316358624681974516642521678613013668657195196394352655650297643174600674986408164746532234337231173453114830542379895143139468544447546031304037776466683,17
20,41080270669969839220233918428294652259525776983516266942233004621817369034249864587190062451406190323039976463609499048638758595881672637520993953848410666763651835906628603780744389602941401071825823657084746176105749706747856409382143709901986161630908833664928506173317298156220662147058468337681523095544,70237595480071397460689563336327215415478325780643655543063029680123316065367471023809501829570597537814003695444527759520828752916944542907073315388131632362208833180419449431049798401174499349736285248904889172019904305346448307059443929154680117000332734254949003047201437459051354678520681749364450487711,17
21,16260064142348038726410868887560051331844448169231439839488458575088869213035847212665223444436260979875934427666480414540790584466328088068138928113329874524409553743449411190191684577805554372769143959777699384632632536627879491218323142915393331154931655213816950674518006414079474014354222424889829867006,103386955356416430843895470005508355626312423349382055333766847066763504378895951872453576778249436445950244121441969421685748424461643914848166059110648992216083939304396772146118251866421847449994058521429170477142632177796441940756004941634992865446654724536089982345328035128879928806077779925094258021651,17
22,272814458079158680346839771444937082056074402577832036867633920833939831710640506354956632737163450624339345603794499135299836625810030424912910037446919249704253262506633319051297663126039453481008360666631615837783665186178477927140885296472403976344446476513504070607378674393658034938649553014496197143,72413319720360866008888781486781303552150281851110799522975014230782613466599112314747221190597764205091199414694829904752485687652450453942130885472045543496997347549277195219757065547215983723943086055848751540569537538884875176938747180553333437862436027186054936892871313416203964738127563748437728700547,17
23,13025091874184762180472790533298455226736993846943273433982912801336246301648332622288749267323281207973936195183441828959259823616607538919846721256175794620849148598423937462843219035586683163377865702147692062542130778292878126868938365637605006206553582539364847352672745472060119885882812610281936831788,103948797098710586738015407917420709311417232322618660328034966094576750238172953451967143319358938848160665623812333103034226165140280188977383661590630017050313167570613799105236570585782360447599757645293807749553657962215676902246266415956057876949147460160184230238272009041114705989016436630766603878683,17
24,11291225282133185266592307660077968158944457619886760180551129762082964321786542364432950315646019700426496311672839043362977710441810133272168891595643320645510308963955262342280185807621294102160310865147262285710743613900480723973680721271639115547924667331042632498480984603048312882185265949329185674039,65136107185553073841456791766384106251850992458578957358976252933735762865049056000624510768494400635640137302840400331751868052308452612060643838278580165254437557781952805787418643470791046881744065044106867920232755025131056412917494615325616443902882032893089608353299777766201544048633588854573658061113,17
25,30318034706554737781838486319565251958197220816709769405169128352623096081252603984910593888985133305411199633598166929671513135096180398799317311658951477413885438087074353702820587354224245113924879137329094533656330781583725494045719601127405886345904270665835642166134365751926973878235660860439969498374,69182944641615700788194313911676716128784072905478565022751637293264667289526298509751607341764233698776488000246408510308773056285002485766425692853387888297862889698847401609047813802121993908967371329293505077580654657029202879608022531553797632207769730925853443145903546008929751999136913944108609313169,17
26,55396170759917393160403326522660076958075501095005011338982607882779809981557254355484665133447451559786342491037389250634172536770646217064859954921866128287027729805678502122275164303808235515365819056905360423688727738048024015440506779786893036794498369006113707788709202283138794353567954089969017695556,103430184531629648089404890183405681636014884440578434495983526780060282752773949994365115868451447529239249042944374041344928629774812378791698264527180944861798905599219406892879376194056936596429164740598089335576809125383612887201780928971743169542888122453020621840561940673087498820086037351701330611259,17
27,57242551659759887627676544584879691192283184020261961765894871769370075589147068602363784756713898785850878594003698020709205488234927185098245378515277920909731115594929525877248216006931611961508957620552786501684129699018024220229197388528996313608648420886973924086110670143988195903996835388320342591603,72398449706046580085690397398828898882212637126901259503741002668743040480347178099964605089628759450003630703722922824251308047880040497400778068260859516405615043135327626456264204924015677136475820541381016595818397001051632987333396067353050467501955580352276500453927654019423035945197730539624330925859,17
28,2888898350864489100318314185526908360494545635272544241860247787319766275390051037704552438642174075857765641228907241170009235642745934587495318159886574978414776690998641016096321734748324442848290230189028208089587499364219457819233027314037763467215578682448377702937518704205219597731525092252457469505,156647957345999057340731899876122543930683815748320949776206598334707802410772753245768676799821698658888806069020848410415642000247443337229688678938270409686806718947301072930019778925312980375710753187691728533327914233817246970500769470116530456891061337048029064793688803450980937420223083576887705437493,17
29,63329150200171661140587733190104482527805274564622878081586342317603122937045958802125295491911196039405584495550683447151261301003904165437688064851773413557465802571464173440913428177730331318743031657838360009140600256339285329113134498874961645984816234185669557356058595975268983749680169116142854315617,100821755553221079915831866845081957177886039550927652732564543705179675740312424922831797374747862147662504603172571885639242512988867800559029660827120050294998693363667685683732025476242128049676276314927920475558375056325373776651816948404724315569724181096970556519518699418263173171248635606632811170919,17
30,19458733590139143042368524041337220166717402191386543232373735201097126843538655941971762467938083763439323195404103927591448311287165656786788045565641470776945954813015443849063655757163369948494195736424503808277556879235388410821460228436839294613987127545689264483329796154225829774484696637340466455023,104178603771321383270801429214771618780152077808815348772757628759351137342618330252123832074828679425852457626856505075939442131106159814510775522247953760296285737610064232074058477310393618634952157348603903508012595064836110810105053466631996400926150365217183416103963712447012442042718794803316035531773,17
31,14817705917747108358433958518686946310145813497939353159778337864483744438560637221755415144124441495628717548741241862840576764197621508878499175346369108160971059566171317435543505343462794791991667235577879826154644072941221485209748172628439943488070797933060338906260305723305193244821202181490399298488,95924175932531953483413867433287547892889722329756268351552623375575422414618746826001273534622243077724270202245450628864702516532057420260227313457249036518750466307713357411530846965506520187398931546641293033964612264531632787985499798809013834297428697283502332150624958678180079113058838257150948548891,17
32,60836106430336294555394175574659084209980219173832051778952485492016177813297768625358905606270623846352232788483511284485021601298410323416279565762116190455679910621448974428271600947120656509761219683566431180397490643623705366832657752834078364671063643713024544400686692164197208034697495631637694947504,95963837506419766509830600889407027021817288873631425521126238960965515545728558531695864724785558732729318774985196870907338225691403752786929313394657242412825450311913786568312229897822034112569386618605803073755248531257211648508754498436053799787140605670480028068419517795718693778642900128037590165399,17
33,40752188301404931403712092978985090819838650420815704047666859095220427428141215284703783125455252034394573155805980789991328162924697330146441922848403761703858847702291640127384731216459188367068087232460071145559683301188249336453029948511241975112071566674098386614646712713030404278245144469811533532531,88799631014349988082310110495771373346543547560672935740244886665386692083535249384438460497388992019073050703652393228860542299351248321257648679772729893165634837973924044690157873743655895512605991729808375028557189199358388243099767074387682862500142267315168348280496141269503785090200257073768189605851,17
34,33860100424072407094692233108420019256726312880220416887009504275213685562329776034846608383563133621459815633443128139224836533571693006187175611444743077245507153964647785557302228575724088685227125807329412215206643759240596560198779584192613772223857074526653307611514597998999517968289998553269748084712,106176292316774498932226485387310282186073490525240759348894690439585103648968895307707635638674253698182196693865700906058939010034971482540453058885843956966382070490086335290967500631270670928344377346564003050576519081651041142878659513618137282536005157714765726768385515286888146909921428054917572538387,17
35,105046446776685296740713611360017215250206091691734271267290503726729352781493441353211610118148064572620318104103641126381856559297875415498848336227180375212866701095202448010259583203534209048909600312732215571415800151763810549008074298474871567009056988745934539409307982775022837338506257486639525282707,163377037074209625474277353045047242277122109859100218573681405963431747704406911451430310345128754872936017240539606283039092586133735718315243033479111804070022534729068908787356961845856675929245752075976398326931573499992604502534086722342237448428471565793823095107107017469586865704366271556814313347069,17
36,34253496873099494492855584968206751499357587069226047868701716274451862733555682156494631397114956030158697113092329856871079821130497710762030861535224821066578256694671620101383548281843436195574039913939545166702890665395776905147902975636576240532319880128672083693346283318518991845047560754618657292039,72016115933635899107541352503103675559024778608662978404725284609414831717288333159906635466670635187724871417786194828956254292025374910075388221159255785172520391232039739155457104084243735929918116317552790487052389143387012305799769142062041165993676786526783922220751212130891268557326026140312469543639,17
37,90774769799039407191038258004449574102569264183101727854139464397929219705704443884744064167175276876705209512132821244495110132750559101811647739138270411803311115893288685752355882465710501113869997732374611155673381542391455048433012078593405459446212441003383543957378123418173353323889049684816446105605,162888466573991304270554440448143848865910819424268134695238301124179696082128264289652080716262062848619199373206007536756331423098005682733658071940344158824607640682477064938568247382456511960895044708179392657668374903999784110216380729616985231660430124434835743045018304054314471086995614154697318014261,17
38,63739926455234233250319143136887516564472482315044291752092768810051402471296773142639422131169868213360036434742741573129137450790904436418105425699166654595233384874488383188276486742661591834472196955452826556151947754513336190645196554359374399410937230583257116797128158071915514189101798426058154290119,92466322485032047103225399926812344116807610114980452568222275213668745476713153064179105896169879531944017200288805645908359608917225321408999263603827749613562641937227321441457656884174244731620823394193468692078324994959894147500912747592342131330684372965797072857867438000550653260883922327201623331021,17
39,94528736754676914755197822708170725305514177332692902544741241906581145081144574043251461828109400063299064422254294513298191716541027892454072979511155389933706150957160325564444670217950833316739886412181735312397487552985594464279106638696415702679338695493354666934565181409013561832305371212560919211091,97702652716321690039338723029548814248375141487780833758451385839602953997059900165372074609567869386028531851585526755990788520431835670435513737926142306939740529860994395271533403933189143932921069485761485480956846285806571210411798399666090283385416961471722177570245490134118773081830549087152222872393,17
40,100685679184666056475800522185362154898502586913264304916943950741931170254348025977371245129054490938994297388380013968571692033877052699738686952643486700329965569121451457087726510888062092413330774066922754816728397506077533991718252301200608193424137426258364669120247507119753247137502826182094758517265,114382146280830443916386866170993859156136315793977070090101716421173005099640315062072700564047040926778316736972877954284134481800502697575704249559006410553747582689593370355769462921166050919543339331405609775481480792406524802863970734195334206337301511848182125123046694830010283014988489761855370654111,17
41,64677203556496297093195431122589441690292304204398297386806344547779705006359565786585600041508157021215282209819878554272436280506526755011217105001473535988106901326843409150644238777898487287199385535075745504635672876788393626075891345759098809210802454977242694814672053566910007583875309660346710639582,69174975398594840206054044162461665480367027089752406563656712001827004686712469809048673492430688493115965613729024534614131682782088474519183309713220033954829484061104858633593313265796510050198334191107984253774159977001753460743861441600091960403795963657825191356530531647773013131882571030108876742031,17
42,120938422650852349590767995280882603784555349021089057712730574695609977432265792778899854756132706527561063859262219780131408593186320292883517068667692033863764349885898548610078490453718514670224281900975189789970742676285290285509070767373430479793096901393157466053402737222542154314116582365242785744747,134662068390504676176440124793248951810739794618723142399272156522260866313591917770968607960484353781646801950373868540036045771674713774430096501308454399679061013924536224290195677031354341470927168798043506546667060595670781459713381080256673675924051765477641640433469790726774130808344113324092777008911,17
43,19597571050825288137335562579861176914053031700953819455237433287219916478604634220375387242179391174650040767973433645780316494137752814374140095290625148899964485404981876715595383627015933225523681062499225465231404857157209093135363104914465680126142720562342726533839261052501351081139748037062246386180,87893535192937036829987774269600729919430198664506542865675910563305697319043006948543139279061148038681248312344771861231130597846323525429179729880568132724383626424728031925417704472905804733602785644563314781527538964281321603822144276590513042968371643401490824556351951717883000618960485629647367880079,17
44,74481248312334472661918655922923145365553074514691281832014737035803857208545535158917787946284052187462984338998661896754993605359182610741679530399294738855316376628990124622078891382970919065394528076309989282987779062478403914458113674043993261303503158259973232674316565216162526150109429696626311947717,98094462672228847390936328946747201979986065192581916743197313930395779550639110457780780607562813532052586504850014645340465546734801788881418196553264814168656582492224122999204798791511515953761272323658315097407552464701786693428571078261636134131527722300711743131774811690086424828741224021430951124053,17
45,32889951072233262806891360207513082990512005362251472274418900617895690832442015268900751692918076232666902623332662980521772768645862868170914528092745987367166777540692086476185201997104965622838056687057304834389250298220047258297497220276024952113807062334695587413289749351828828790863056765023286067203,50365075021408175941285065850570377409207345627156600304696522404855496149492952878252979113677017693699516685974535976761809512400711861556260062977798136948895594308238612056156027852513240782077522359311257725228551259452914060421173037010151032726494110183505445732174612616030277185673467395626778405807,17
46,3558315551594778256551119688819695854586581024864852071509416232829300047904204601832999887829309181787631347856361920755500473653689525903143997669064215911213845682676006031064110575989893289622886086500606187529510761259458533683897446919878205559152672751049734681618889813244236711593944714285632686444,85641710583336687486253789124320760143164215067451471289585602177378267348694968398955056851088067231010675592625180881858994919281006590771620542589942467654587118916873834874397281198390691439047557086911197387227171890084277473042239703940311676936597113318982544789663805485836834939086952561400106993649,17
47,98626286520767485654082156342988387170832912771465416528371910616305004536799756719764291689944004738276706118055661333072056439589518534438133555774689160540188912955899864604838177267682526397908138783487985396350370130306945867081879988768653633473237919531857900660770023228728909508370057730849958757257,156644258959177009554262958271998619953101771146321390306484812642732422443976346699394891464104149056696369363181268181026266623281329433656319268380328729663833182955414709114266960872256772444300237342433552501303100511198413779515299341752973048829264531435617523636002090561467168051570916451765146216021,17
48,17684915019751377591325921802507469785344071455236174884605241359204704626364447593891940105889487122499110303012328641641589861509271453375229948819381384824681297428695900409311011167769162549164436248513387121136563423073144962694107442873386475861883807275879189853676226659188366522891641251088958183809,84212889417142045347455442062055390403379522784806953649010366900198563853582490188087911568411486755875573172654420419882597474855398604169687810611780173255295769270803680983459159120802825175992493446060653632931099823475599024688889496692510413078401088934442044431258326094307080948933839943202641107679,17
49,63705337626087189827942600118934655143768316955812121314709700652673545635858154861666843190773246435056750199073969626551125594872363147355963939025319666370244678145647504859492884746520821849208131926069798322016490426274539301328613924760003789461143568371173292815194124122969226485662704649656606995882,78292293826574555378067261224768152296705793378494497413299680738527868871514114206263964614179620624925600122727942188995341246882420344639311801719106318323038291707055767409405786284570524451359169404545531919081594423262837018051247243760110093161880672428573809229448647995071039458784461939972667570601,17
50,76282619784482253125675514521436665278319342882949154242425448279926857182040534157493039746115220411289445236272007592659003730155877890659385459491961244358336339333997958750175393279443607883681555421005778373893891914095071389266896157330106657412910850379658750870588553663322888690686821434067724557664,95736478264395981939362771699208627120639267130699327394473005013624464984900823518607752532776695109561437870597785454626205074814154665025808395994624253553963908341142449570630523999413462768129927627353176757084515757405443328848711331104941282770000276514376864289050135028174947074529337480573440714281,17
51,35927785931010307877108624623404847656286402456907600835764315089706499121315623804233689093286104798836423436659679501831877552915921490284095216608140104920278084523417278009450412528446102185423970056451004924337478499967384633106739557954074345164014728085110466971726111903523110131200440660287225655910,133205457442654767101802042683578400416961123959298317027966458502489507100510239092686955324498337177278993122336519585301895529963162173222057253565089631508526233947274676457662553362489957647875946447063399124589362878931036739227106610988089907479444708388596444183000236976103815381389015109864602367601,17
52,91261017705123338335218974480461703912850023067621364877101386859898233767234786005980889352320486264474354324137716280736544519663525253031426627628243765514691738890903873216723973193220513528781095042370897212039593364346173870984170110099297693310394553240517733832650045899459944325545679231245278545319,96049973984673928178326915583023310253956806612062520370304469742112012609979696261118371706363529458070958969452897261048041000792663456331569808749698077142772021462245920048146560245232013846143511535136959124341630206786237849057594622100062761126647911830216758333276030204265339906371496911874096821483,17
53,20827669544892301165370775997079936692761575125806902867102359066816987397948120220554847144608585939383285415220930687325755789242911208119718110481662612163904961678423090838833464724352234395024954389567187465359984628488410116323678889448782283333926647220071141306595170234310802756084728408831079846885,137076115932456653867146172595191570520474597721259727827822742184854942639787499151046000911664541002963006762880980630689172675634940941077241981019249139020426812811985557762536685538760832373615407954762267446477428429136196421354284754364351050681381779036521374249196623217275411499520192141932652758669,17
54,17002916369832757903269717899308671893330761510639664832576660089604370890948647989192285428882017891205303474698040648648634461503109893100509151546525235733673388674249438310586878138580127000529622619204616971695516172773138566679807967979052279766948421370424867581950691332769408347364984744317821772924,87588100385878225841592620664126852256896452325852031339567337264051158781780687819901877860015022190948739023620577230034235587141080742043960137391570324851285479046249896376782908688120863338727718779699946017027608205153222279768309774996414823780301772726911619721713983519893500816710739726304560320867,17
55,90175697274515074211020651043646809246136965213757792978635509660353842823574402104900826610932315686575435319751228857610023041759127694644217588176461075905876225053671780285348251395027190377552887797459268628343177777693042580592428070997252767188363597518754368556768860161010464433381243975843425747157,103843205677931542430785451379489536279223813182436640177631410482084609938376311769034231923549693354392837814778641612753329438624524722942725092631398116538653001355301043589027286510434971980301649479680647363158620284904361458377691352073554552168663536753050235000130334274289076524771762252201905388327,17
56,3439525438417121080751987672931986855907544035250023142270585545250269840245485343895547914671074200117497972703758152424671872602877773929215983444573617855447012434823504321084714176690186319362575482560396408162207444804263896039225213720323592563352836724817169940192547292476972457328977158086862037489,147472676872826704250019173110342377427138700941184076937917083521746409895357810550222911418638481276472975354396704705107445172083377489783439411581292027321698138127674971565048581500259798480664216253147161999223215915484105513497288814440122094355171408339776451019846168200171968754882768212854191056551,17
57,83698034929498468953175310184415270736684060980736067347327596974778677631967601567999451664498871739912477495202025117966876171558979466321361191824545520736958787342780183176486304458883915993558497715692341658415147858217210028414493427607633609364789458941783283951493873665111594416437876354144228990375,87407325889570849166104589033604378745350409699623897554014890561573769418267792376364196180459080261449597378009450457903272939359624977862127415402789151575672734690620929554866715760224250377222303115685205452286373065067477791221941807195119726071508887985247345523230968026255438999654955550390443570181,17
58,44445119347531565098156757161551668035208381502979871124356891863589955895691265540594821545461120570010113251673055421398474772250417450839408860995107646790603074686216951666286027003223464214105781119536618523511746459574969852134589030834340989744158219750974785909057954298661646925944719811632003950916,72748006291703497501800732514160835079438583210834149053176854084502059108122518021502033810318208310999167379846234750167470433140032759695370934085779279963800220804462793620671015275272027126004229490896834526795113132734821944510940817854370756592412161797129750897157951180904572835219904646482906103803,17
59,27140134912771097925855694879284008198304437523066414345385173103023079135150528858328737004845401217510600807173967483738639417599365472605322662919778071654670310361003242550996696027200205782640385203187742864812553262593120494378255040828194885556832399796431772886575773676085394955527982649487485347484,129158353825506294556968752476434380012588172814223972483591220416258795555871068838822812199312287980469563666544364742608095179886089949476862417820866588787533161759635911396295235576786479540374949837221629060656341671565474707991082428800820168902429464011705230709370819144128888956285799572078738223429,17
60,108989842720797499869310339866985645961787555117772631340527509223804591342962036530363872902079311176935980196502666382844788670391994289350691565885922375449989771817220346073896671573186362121878194555155323326765214524495144649491085264234656406094254641977776103230109276682338547172640823828162080802670,110361553517984291195866081043950755175127193664516203549195052567645985153700384454717250590263477121675198571119109166507268717154539925509829082207837512296800597580036023706770252711885073608611215110228849570502924649544217958930141361762753848547524579539388862178812382512754334206722938371241787060323,17
61,42609696685367662267624450238583109319243411216298267356645088462646184812529420615588486129770716818500684809489560625607589717166492637100037511262753610626414253067987962410342988147448061039793733861978980839533087978339736512454124462374730210422277464093735537792275523579323751297231264292020849257687,75999270599056372015512323510243126330215632397973541110349205471708419041763914118704574069871282063946396877488706592881056070855828579546898073979095005590436103299360566768818943326383588921289453873302655800647607856947121868785630542710728352658376051013595684762498338258235883270790612281662530411401,17
62,41323060044315929203574657782015339414785874539353720179736509601713211314520260246773864103052401286503597373937951404863058831713898190654140320526246884848379202448341768804491850362806191758971917191355885541105273702064873612714158877008585283626903721152882072456807052908985893009271726725842529475248,92536259181191127921453860424753111008304465511827939621103128313440291858802787302558627848592990275481840896468381897067822268295473490903611119814666084741201657287913224377363710314676185021940768182893628469732128096832865509126208419002405570738276945164064910860330184210535242765931540439954078860563,17
63,41857672473770409662039194728592730802413678174613195019006080022174713943443031175734505199901226374916453282993742846415233991251283266083208417277643203318687716375181576103891749942787730568113467841066276393575735904617162471663762865288437340356891347341925398439068725915746198335954533043042964221538,77819354993823198098983611708250727340963850964696433200922397460054743533191654715711848585242210041615485697649410716327146085626017746646989406725699143311385285743197134016147098379749310707654908549860927491918339456867605946090833345443339562704169302039158341535730472123756425997041913113721865280509,17
64,31147074682909818029474151038885353891149325798077800008193027609667085478848868637515182925325987577666140726039146905024991517641277088678436338551141555510213298674685678459787781838893512030218014991794960718234388044616028318430472124497105863876921372077652470862105652089498158441321938785000466865733,60311154891560294794041509961233364386751722764016610913356619566399657214095223018122956526228499706470181848366704817425885482513812012870150440920499886552633193363743264269224663712768147335006633696573518998058991259663246838555345710238383707153092700235407768357764289122052762893176049852819902343651,17
65,77036355278033437514949476758333032332716423161703739017083713963953453634222504896876619468164985410167663652092793933999516992090936447063201705167706424812105534777544375648324840198681559826646449561728238573954882607841317327625415235934907111240619656830880860965345406121448800733392537722110407895994,105175974834847029767532576802547868216971304246935265650173509836095363028684399869266906349095767368931729187110143882704445855658138283220273533000009115621759934286395848208815555937671695053712865466977084232492977366523988399098051056230828824955302338284011706503561855877060661309081316172824559481127,17
66,5289904796702318702751896503062502478871956211172426602152854118393401357300904331827072223358225412767619080292671017632245886031245718918897861412822080303329924484630493522341026082032803602256347010341431751252917863460960706547345765717210737311018826286431289860646178997106646946222438553917509476802,112456819976497036427374261814685483659471320130023403282817855362404229497144965084156894542445256446920379839267931342587306352919056778765450125489389600468860286037205511133778842947990504914690219539407548579207210121840576601874008985863263710481205123231121363185523356551274027849379308586987755053449,17
67,79253271198856214792795337896564188472629977277076277631609443059737585318214100261253273726269813149605788909061339933936439799469783460878014657681471988513518045785514978955679000680668209226277438857474777682479546450523797962505947710782908969265115868953999236022185307623459127156768299977815551351741,134289937251493157677578917987068887752886824976645009777314771583532346496916185060367389268573641234875199545424902543650689941443126961185499333931704071178778782814573150693997665199219040522014418284643294062772263285664294680031095522341653086961191213353328387377413708816335456569874557151311051595699,17
68,39706444336408870676724378919021190232822754120606327886136115082499081473137382433292420041717376948531847883693281254135868855478171346669087436601595500785377425528545359802733826973199311336975628570110249484595958870299686487016021432987248170778651299867091164994114557660197009931296388866497962988586,67472886001873105174334903761776659019976597275531884699733567201704584019100175183708585997632484673747611497768905090448798603006782083101495212848946952119746013840882925554958688092261413073577978495443196509292915684274769151282841747000151954487686551463605638889656425680943709001187970021206438535471,17
69,41466495938833487794697257241327897274736026591378206723961236993102492070806141743909866533835505922812210474661083435453110856680204373816188169857718313690330075652319359416178720125499046007804215697726433862358815275131827333078963721620740594675932527646310420992190351157152069272783182436360504123954,108834989718749337430265552569413936478866191905225068535311365281629741224377587732979572334233350194283995807072443874805195860285751700273017646881884266982580111710436273709206257177156614533547875331117750229728391175003684828785302531743201019293903070474941929763460645561600292463640779726795729127323,17
70,111943052881252392342493924645893207885315886516660147570380993180755821548881844165447772033602232363937105098239276145727579110438876361888879712335570499662412788144642110009021477352560052682159263483917227727125668459259043447093125677407528794278567945183020842179772962045679975654468746667127279917361,115299940616336543539196090180415492445545127812660338732715133770491342623576612743681741405184105998252122433680383517323866882434627529283627004258958415455596774187897721331367750634721303794699807775148454505728467767595258231680461939456996295460985488323135299876380561686838966200934629092874062570219,17
71,79213685802102307515407004076152347248153197730780474840794616315834207735367595054739098292557892449399686370205097208833422311938364377456464282332046130572485594782654156891217498142915699005142030762590622939658732377842972372381540648417914699274728207894427946297446958223052081033075161470036298116990,115266444162348930589666755655936636130898214915474455404660229992864844504134528966934854349458141214775403484540809573741436168594899769690753402849026870092598027577156564331677424446691595288591016201260978450079860330630996647622898613785202749882975796991873998023745909672977130571855206307010288950093,17
72,36755977184254089080938460596019544801935747291732084047007618457429981710180802737178700472891502482920665258371195461270508019848090396725388456604844364450836219324614049853950912397226944500521508329602916493378719190601156591932451158284000156926132463137151925530062773549981877440951143972739975681960,108465287075038415054605317196448241969016696194418101483787168561085035894906994714619776585360265254974773449841177196719344110899588674806569796656052310765916383455141992627344046801856999557830742354711375562575731542938848139015220155228190106594272950105302222364904583393876227991249245449020074158569,17
73,32764734771863120740963014334550697680167342507382434185138591971380639937400143537586584308359636221976737175247214828060009595498065116599440240495168091729846905250994260539386638379153627892477033223324152338118778383290379928150393346615601120856777140721931782059826112195828255640544344870536685029979,151087137007044265728206959736694407576410490074128319798710969005819711908736802315866473407865421673274475833480976259599402905791701734764446499731384530899521225854298507433824813556729200680148170411828433704596090562824491722389316764241721398723522026903642338260910413139853167507500661100787545619451,17
74,39021492038267307476241211620016178688508346193539003728825794086163576917390216486741100598133201288289282999454789666949797959507858834289504425490378058646363532657645497682129538550221833622020448602932382295926764892019563793491312246984847119520515219015444420067615065456262639190872745898206172073613,61481806026909462632922965617190717658364436297383911020965573868316823687948732441724135712627469159298102642447413730161253254422015279599802906290391323628613925874244643200327374845259705007087062434193429622453322090922637599250368914009736648163319624413804082888881656198833295884593377097656119182567,17
75,7268715994486603128417174913968395594600168563483582329115498075453327650329023429925637423591856334323645983302955975668277884255993651984916743296936980130368541151377886218474793950140649255520949256707149245971516964353634215015453867739796533229198252587192245584001042228612675194896947897594215945940,137259149380993373018240877999020220975005174992811674580901842781500438667370048948895418009515460739577549859504626312398560563870532063194336286530311799526865047243194554794157088693242780807092255657486107005081593326338016500986237308288107035233818636639613713108870583628273546765345504183840215239541,17
76,54133395613893651584423145938307170062729212323334842844593559728245883045439776489722396742778488929199898130015134164031374683373323997705429001803908056614158717641832903281750499524100777999554283058701739160101934225535272696760916963155086972176909729042536615843493550007707082950562178314770594352854,76657182837693253773752856115058130552752646365291914373167592653118190845173015615941156244037985620172860366720906367397323205523981424744259110445046990920860809608549565570240196339053260945470868200918508283510605720481893115000925367379443950712451276763280775789674937283000617847638372918535001864417,17
77,33394436082980317255501576490309761448351962091110583395432673635889320225668376679241060955239516075530124751311762329299627277846463925970070571404889434998545237867261340526807439619858761424981667242182650972600279331181330123367034654022620774387138926048968815669270558139023503515278151134878483915032,113479234299535236524852699934997872535219740659724370982572826185742175284954385393433474102875874118983690941252086056176707869878690087541578689855342763345861891612309863289710653006133504246332253029285150047562792727912998920605625641746195681766695891667121465028497804590230363160944172330357775922019,17
78,99845465975920089308752678374570359881925197740200408121302440545522249918568921379583550739616006004314845402674011923107385435629260894386249258138930548370183812922293609684147738790677303040729902544756350293015491095038705809621187799167612810225252633696622106983649162976633363874451498700979962373661,102491333384485866118797092852803211435030943686022101775955611057086185332330966060578979073205155609772496195053366652709285381579777376028395918763893257451698950697527776182602789192565508798125645968520274404111872718185134092128627933454038831444121092948089247629512750966938486383842220074782073107823,17
79,69896760262862662790457009189718418836731474441808007539939854943788710586505773661086611656343946008007186548348733661751359232484053706354624510368871044145464024060996606639307313861367953749245547010604006232083862943786310388688411268791687293581589405984635599561104849438936946507655785217330962419799,127722809620280054292045824129024208290551455008102655125314971140928060621395597189358623634192676769285000679784010747986442168293482875345592399857442697480080099574396404413968473626873581919277378315871607355425995987829422896463387511696509017742297816497761689807091073084100529583085809372077115923573,17
80,54245269066868892875597299841898665211838242306414922042320202107220587867399500834080662478159956800598687349774424025075846932967624917274079889125297871312280297029744704518544916024401888786425064359009006374728636697010528896180218752177259769140606923034367673423244299850013061713110715171547977559182,68194466731141387953633191123379123680533175090980661383064718070022239358106231410110132070140181505103446270602653443741324676409118331381921678355460622176282158339849499873562101698893368775496069190766060815484634384736575441397525105001541864841878987953848258210050585429480472503026475056412409873041,17
81,77051050664381336723216762576612730407124235906225011540879550782917412925672688783937042899411908298934128357126011175141289588108908719579749422730216843023483182301487318855508642750974119733145809878288870540846444696452801881269126300841987876866790534546346840326498760448490677197721801744435612856469,88139480099006402501208257763541112739310279089252272128084446327757361931015682238122846716289468182347328576368542412902545902288661118401490617646393380139327001705624635670583488077662278636687193813561756589151813334665476059696630098044695778661945949752713749844576438122092970464532614668392481704143,17
82,24624136884626799734481609242877326255695027462244053338292183341356022946751249463221969990109304682267654779786320523163536338320869651772722381976726094145600277049095496748918008384289810408225767678741616738358766216895024121440847843516092235606961988875543744042912377545293165280007663400212597149525,75330560697913564455050450571864153099437075774508116708469137518350214437540982519466405155170749428166876188644982985188779983958505493236609085443444695665533351125642563880620769910359852426762397149533303379697612941318064413972599390533462682407557540557803746234053220643445051189676270553838809889401,17
83,102602855823335538594204781800574720294142057994373531333431423933018111860038973073271723114746137940410264518665588788443563279630038103305618812361283915655411567824702988005929817270154558547559508058951364259331741811717603647766649545942067862949779980864488440395405578769050400555444753566934909145919,102930509785618335726949204777424181290600775227464021875652956397528915408051288813902731455661430698132879228473295394306900365742713767350869807440248415586493354626479605893200829029664936661776813706114838357910950388280223501497327702268218732839216137549687064306352316420469731489736572343971730889547,17
84,72392233641794961796330195899786681360570431349088318694944738493248120547981552866786500683513023372533067337408788632215098507365887824250489061978248169278897624482125942982429939536936784324423042561864720713227492969006304854002420370323639062983000529051502680210466450099527632876050158406866279940878,73963023362692918531744484787192980934633603836917652294037447791020017650684400112759843122229813368452634682512995475565458108426162309607754089286647094078689315336627305418576951144616603130732213523831516294201040821466113117041572621417452084820698855998261562384565262444723759016914391874621225689433,17
85,43056643032166799955895964878827751695537047881903210171388370349875164560566412392223015406217648700804115159234145036069471359983488947896259173932010490043710828238070624384672019423051295560233335484313998716494683661707408143696628041966637455559918510065394954250154137457386820399154322998002034498820,62104001765132874143897819430763949582570045378939751508139993903741355673748715886007575359041781317599349764617114709086625735988968966736607242356690053906291028754064318433960641213991022392040716389932622303819299880969860399306232314800424131775625236040368757145236653026075572314284086109220514425629,17
86,154273339744074491125811450417138561920646344108328721438124394323677249711276472954152563624822908030588460472031170143745100993466619030160047811356909288880572394302070942499298926774387505137678327178048113543251014228284740330594769596777895565200761652247834202444489348103090855060434085714569775335876,167699117258408781397770383833678565617822497580492185178524243752418461709691921846614015809751846872156504202116388979208751801536258171402064917407868829957305841301495901849870600361878349001071787054243052523551821524302162657533220685342137802680384274737517246124556223992441144536757480277199277457913,17
87,107063524192889094814863415522386899169640048074151730156996057236390095888325964028923084104015057899703809297695297350085564685430701581565451243088161495127544964682083188737225430773894016266643595217441408097250823183280585638488279410749942446084265904681765189427179649167543035046492216276068250885161,114641176758174795978854500056680452684082970921770392732168809038279100770579199295084545088546417338931002064569126078781976032679869865803938892790241222393966368797548452860353049752791357164548442380354272581601609447629799131078787238310676996478882094784615824472624748955340471129882018602131796682291,17
88,96243358555140768344384703139195657900155642938556421606366010379830585664422084171361112112056108754626523810740707649059379483855967538807981655512896967630034109866706742118288864298606596959258062248039020238015303797831241722938450147547521861015908151608607980614283895856539801234327924446952023013437,130525009765682478349437305893647515760508815150774004641311741016430499606390464129569887233030551149071431202730886553191571834816056140578128076433977313933325412790174499265912870183048254564405254547264388822883136728919983574498314256912798686757476671770660368332918344712274911715652565761217086982511,17
89,21784037405849336963959631040833152723390714147979425238355446125599775542857754542028620085908363094839179366399219904395814131861663714834751239848248454335992489954488464280464321981645334404371981342689511467599158482067695685103934990895311682255968685932510378872812039852852210678955349044860183791050,63580157234501011864102167251252346863028292991545119658224479835676007218130889391948400211123234816316945253968010035639664921271726718813709393663067929581171987491808406276596942942216305126093769133037911677743318322118200928210236100327859689161182463921462512019158052554627008538363467010693233030041,17
90,52169726185762560145070891691442967547022855763370960926074320446644597084901264249772920869608890671640110021205334778774954266074657057520942507466991950315000152159313136893476111667586169415257423700621059906153990213842080093408060732078318240366763149126013700566038878122929047789653098961020728838949,57137367447388976140233161293747859028187003349294714903070330821433698075330795462607668167372253265558663374481346097012363198922963266782410131359401771913675429936179862418488489632533355814537722504193097176550850637796604780047631212657345999771319392878570784013165785300766111233651351793100272032513,17
91,36560868501829501937490596098351528051546575163623431239710846897627650860388394892684340883490194266109464465474826241987772959915755026197359840651481982782448646922892180281846331911561975882691145696773778576376365946722674602615556056028900372544007787083914701687930768825270649468269142068271688551828,99431095421361819864959823635159324995254337509498660847952753587075988786157321764054842403555414474752319474849196519552822308040124656703891052856514337917434020389910940764090932410440429178352249453025215564949316994759037764211164076117099148759556308876884618022127931342277270707617921097613539431919,17
92,58778052317871926695871205396453310230145232845179202968817757926643834968055458837906205162639833352447518114527761916291594139390174209221842238969700047184229273900825437597113417122301037190177001510649020694037785769328610096518344905330839101523373465132906801847765315237903466640268327863345256147804,110318197117349138700180228645532681920815984364743320291419035301313983894245806619983860674914962997528949825800375754940365783396733911772726035812237868869125039243456011418412340095478214642295669316519883406993273339180167572417913178592029494029667064761668959227566122761405653515158645274402094092019,17
93,13632482481051701258648224298639037927810114993371405139299438871780053842865004421025859663269461285011753793666652303711369031130654637410374736000351322399700731345097894867243852995278903886020225094683607634803678797341110828976108633237540361064942451187143907388987012103361038381397563651747360954409,106631303400443734908419223867535684718829443030241843029325106265290891232167740570133938880100092013658246207546436941599485677750446738160949968667459337031570061765539503594208510869258166931099374992389766458590819327810118641577912755077833246652554768637658045690564787423357002144688862575573856847863,17
94,30754392674341957997152130365182062747434254425310743211718047156170225576393021377078576876234482567532716704990795385137750765384913351591579719893366286826561271345786967132295596846161196016577032843095507197252428241912031700962626188834826054827893812684484209623688353264872850388583286982635761462091,105178544510333562545453732811041312357117521962891094732667274935790647397630762842782437594905905458652964284255047484764112072518563807391945018085775156728316616882414262085653787359477879907974368917854429351770544821262704660703540416889079756047284830305527563672140064286403563029265274351775455311133,17
95,61243768210139541329121573848129799967954520669314868518303591680202029031176180751692575870326749280581491983996383998114764543979299513747127143201718414531725505082419646045825467653514478210522161608276420035813944547385259827280742001052834726849335794197940449917660305223879410051864038029665307287064,95310988171714366361123086884301591837599702737460428137495986877430535693755128621773827185423132509340974436606635395568815680279012010811794947835935981304100666369117495978812137673994181136264645059294812060070450832393198889660914621074997358333783984252714190475853882886783782071178500349087386487163,17
96,6903636072435686137824817633952248374761973676405828753065465278606625295837844868297666794790810255345869924939367769189404806657420482594224904246726185567640702261416677200578763464739244489946930074260136947610546353989847196427838010287860600201010789776126633838500238816482084978492298570108555055474,70275623321025371857602720433913288526299260321462188580323084213803526957120961099945523074222227661047196321881433539921072312062758471041106038229645671090986256090910630199846092291016531453907690969630987668608282466528225391185188866388345966993385872687337664584743367248904152103505151855337712919447,17
97,14883967809198762134650954182080896037123956869699295188765453545636487824733759288856055748796080055654279804642203696219567307647969866720761354962377747862137784682693319662711225886770738338851923321967479534047341831113165121590605860575704119507953844719182187010754030493884023574752004879825049969508,68646402183488410099094316008404703274088180170195243971837200647199924499626419651024479809259687848326451781403271721329473533974468403155594826882282307631552321041392219160347795954743330533910011981541138374842425169105474341267867943116875211824783887697664519985376636605804822286084577150780780683191,17
98,9155724389013565318229224394165931865375390187909779585859645734745832136941236643266853868748752129540629299322391282081926650728698727893743933227983581126642676468360925020395634599408807768103339466775400178340198825628529424606072958109676231126895720296715518502798044569483057117995648063936870687384,55678310571335833154394061932719993154060376735496148436220518228236886316357884419020325437092588074044793004411917776124140726943078335685208827240351861737918999769126575008763377538124864937760041703369151829192960597970328804079227599678882233289358746090403634110244920579735302758308244529146068233497,17
99,15589918499121044033157431766725684395225466512994397251247118244354782145616682770556960825439235268213702495897659414663788517706989696631873848079290671038379412101466583721726920427278875326823928094571934461540345598534074064398828298917745343982329628058618033506861623395547142954118038562515865861191,90785237798201833479630659101474292864918549601245741800251920390590020390551524599146838121465425074175706151945479025757931419893274112377132311106459432020763812532666430909411374882587850789819874510179928360958984388390854824857308272384219002279932140249575762795034462610453553994848458688423452284589,17
100,60931361858343256541121509793099553838934253695102357661224087720436516415312925111411875326410276303672545176292274507036188798926051777314646556388226433339583205758452512060017618964943232113176343947759710432820129320656734272167653161445400996697780580261672967281085816385443976503984372872659637493430,72781749253303284052595822985203526389680263862759970465608505560979192781175100438666305076655148463832206685812527480354683082968239016962560083140065207192857779937340142657112417043500842786674100149554543336430468370440282440448678436532276952238420056736908166798640579342005216407735681798714967511359,17
